"block_id","conc1","conc2","ZIP_fit","ZIP_ref","ZIP_synergy","HSA_ref","HSA_synergy","Loewe_ref","Loewe_synergy","Bliss_ref","Bliss_synergy"
1,5000,0,90.9163323143421,90.9163323143421,0,90.9163323143421,0,90.9163323143421,0,90.9163323143421,0
1,1250,0,84.2085154723702,84.2085154723702,0,84.2085154723702,0,84.2085154723702,0,84.2085154723702,0
1,312.5,0,68.2053660882253,68.2053660882253,0,68.2053660882253,0,68.2053660882253,0,68.2053660882253,0
1,78.13,0,43.6244839696753,43.6244839696753,0,43.6244839696753,0,43.6244839696753,0,43.6244839696753,0
1,19.53,0,21.9865206661563,21.9865206661563,0,21.9865206661563,0,21.9865206661563,0,21.9865206661563,0
1,4.88,0,8.52597340161241,8.52597340161241,0,8.52597340161241,0,8.52597340161241,0,8.52597340161241,0
1,1.22,0,2.68200487709208,2.68200487709208,0,2.68200487709208,0,2.68200487709208,0,2.68200487709208,0
1,0,0,0.251255663656069,0.251255663656069,0,0.251255663656069,0,0.251255663656069,0,0.251255663656069,0
1,5000,1.22,90.9604414326224,91.4902136551652,-0.529772222542775,90.9163323143421,-0.030943987456439,91.5760029484515,-0.690614621565771,91.3193275639221,-0.433939237036412
1,1250,1.22,84.114555858191,84.6680567320391,-0.553500873848179,84.2085154723702,0.032041118170298,84.4534631249091,-0.212906534368599,84.9091017849341,-0.668545194393545
1,312.5,1.22,68.6296925198685,69.6459693362541,-1.01627681638551,68.2053660882253,0.408467257825023,68.1733720996694,0.440461246380906,69.6159291858615,-1.00209583981119
1,78.13,1.22,45.2309245377865,46.5075964046472,-1.27667186686075,43.6244839696753,1.4221218075128,43.7532355618099,1.29337021537825,46.1255733907152,-1.07896761352704
1,19.53,1.22,24.4514107296404,25.0543821603852,-0.602971430744816,21.9865206661563,2.66354347457862,22.3856160911828,2.26444804955218,25.4475743575395,-0.797510216804564
1,4.88,1.22,12.2108410760099,12.7255506430961,-0.514709567086156,8.52597340161241,3.56208651186645,10.175547822253,1.91251209122587,12.5842018017228,-0.496141888243971
1,1.22,1.22,7.00739611242869,7.49043595818467,-0.483039845755979,4.43648164514272,2.22980643348994,6.10552506594307,0.560763012689579,6.99949986814078,-0.333211789508128
1,0,1.22,4.43648164514272,4.43648164514272,0,4.43648164514272,0,4.43648164514272,0,4.43648164514272,0
1,5000,4.88,90.9365852679743,91.8930189550164,-0.956433687042136,90.9163323143421,-0.0664140932573645,91.5760029484515,-0.726084727366697,91.729404656952,-0.879486435867264
1,1250,4.88,84.146035715242,85.3937844712674,-1.24774875602539,84.2085154723702,0.0708698910615055,84.4534631249091,-0.174077761477392,85.6219995145529,-1.34261415112118
1,312.5,4.88,69.0857942321069,71.0827579849637,-1.9969637528568,68.2053660882253,0.873602817860501,68.1733720996694,0.905596806416384,71.0512801365658,-1.97231123048005
1,78.13,4.88,46.7891104632898,49.0396251532969,-2.25051469000712,43.6244839696753,3.0012044492919,44.7707412508874,1.85494716807987,48.6706145053608,-2.04492608639361
1,19.53,4.88,27.3647370739435,28.6018850991334,-1.2371480251899,21.9865206661563,5.57496583510549,23.4031217802602,4.15836472100157,28.9694492135389,-1.40796271227711
1,4.88,4.88,16.0632246032855,16.8566309449999,-0.793406341714405,8.95092566952501,6.9993358357379,13.2280648894854,2.72219661577746,16.7137455293556,-0.763484024092714
1,1.22,4.88,11.2882243620714,11.8693170690584,-0.581092706987002,8.95092566952501,2.02083994724313,10.175547822253,0.796217794515137,11.3928662836155,-0.42110066684741
1,0,4.88,8.95092566952501,8.95092566952501,0,8.95092566952501,0,8.95092566952501,0,8.95092566952501,0
1,5000,19.53,90.8893073550587,92.6374512230858,-1.74814386802713,90.9163323143421,-0.139300951787973,91.5760029484515,-0.798971585897306,92.4972068732142,-1.72017551066007
1,1250,19.53,84.2224920378676,86.7350159474028,-2.51252390953523,84.2085154723702,0.158310916411281,84.4534631249091,-0.0866367361276161,86.9567837931024,-2.5899574043209
1,312.5,19.53,70.0230728335489,73.7381148854076,-3.7150420518587,68.2053660882253,1.82241352803443,68.1733720996694,1.85440751659031,73.7387397869502,-3.71096017069046
1,78.13,19.53,49.8182957123933,53.7191164729752,-3.90082076058193,43.6244839696753,6.09490429093834,45.7882469399648,3.93114132064882,53.4357873021762,-3.71639904156258
1,19.53,19.53,32.8990888935758,35.1580939167695,-2.25900502319371,21.9865206661563,11.1396851873406,27.4731445365702,5.65306131692677,35.5635832575908,-2.43737740409381
1,4.88,19.53,23.2949733144721,24.4913603784482,-1.19638706397614,17.4034829716208,5.83622026863955,20.3506047130278,2.88909852723258,24.4456400441187,-1.20593680385831
1,1.22,19.53,19.2860880238852,19.9620119719756,-0.675923948090372,17.4034829716208,1.65211794734318,18.3155933348728,0.740007584091167,19.6187255866301,-0.563124667666138
1,0,19.53,17.4034829716208,17.4034829716208,0,17.4034829716208,0,17.4034829716208,0,17.4034829716208,0
1,5000,78.13,90.8061725820537,93.8455027597211,-3.03933017766734,90.9163323143421,-0.274810096217138,91.5760029484515,-0.93448073032647,93.7399061579626,-3.09838393983762
1,1250,78.13,84.4240709125951,88.9115426983602,-4.48747178576511,84.2085154723702,0.363199097528053,84.4534631249091,0.118251444989156,89.117151962293,-4.54543739239476
1,312.5,78.13,71.8386017497797,78.0471811651585,-6.20857941537878,68.2053660882253,3.6324999096412,69.1908777887469,2.6469882091196,78.0884331254002,-6.25056712753367
1,78.13,78.13,55.18296130734,61.3129123384735,-6.12995103113354,43.6244839696753,11.5453731048735,48.8407640071973,6.32909306735159,61.1482902109759,-5.97843313642705
1,19.53,78.13,42.2378987421154,45.7973937918105,-3.55949504969518,31.0840724400189,11.398300995115,36.6306957382675,5.85167769686637,46.2362870952675,-3.75391366013359
1,4.88,78.13,35.2045681505726,36.8808644602515,-1.67629630967894,31.0840724400189,4.12788935383486,32.5606729819576,2.65128881189619,36.9598260932574,-1.7478642994036
1,1.22,78.13,32.3311450862155,33.0946943291545,-0.763549242939042,31.0840724400189,1.1218694248941,31.5431672928801,0.662774572032912,32.9324009782708,-0.726459113357841
1,0,78.13,31.0840724400189,31.0840724400189,0,31.0840724400189,0,31.0840724400189,0,31.0840724400189,0
1,5000,312.5,90.7050338540858,95.4470052938225,-4.74197143973667,90.9163323143421,-0.447776932470788,91.5760029484515,-1.10744756658012,95.3594722663124,-4.89091688444104
1,1250,312.5,85.0107579536792,91.7969436945017,-6.78618574082253,84.2085154723702,0.890872255162634,84.4534631249091,0.645924602623737,91.9326835324164,-6.83329580488353
1,312.5,312.5,75.0457153367264,83.7596697116761,-8.71395437494967,68.2053660882253,6.77930838452585,71.2258891669019,3.75878530584929,83.7572349016036,-8.77256042885243
1,78.13,312.5,63.3717378501522,71.3799359324478,-8.00819808229552,48.9135017453962,14.4431853996847,57.9983152088946,5.35837193618635,71.1997229871443,-7.84303584206337
1,19.53,312.5,55.3386006718293,59.90181334199,-4.56321267016065,48.9135017453962,6.54556134576413,51.8932810744297,3.56578201673067,60.1456452417603,-4.68658215059991
1,4.88,312.5,51.2466603275112,53.3055132285749,-2.05885290106364,48.9135017453962,2.27357127954252,49.8582696962748,1.32880332866402,53.2691229983989,-2.08204997346017
1,1.22,312.5,49.627656846946,50.5045675313775,-0.876910684431479,48.9135017453962,0.568752359102923,48.8407640071973,0.641490097301897,50.2836441201203,-0.801390015621102
1,0,312.5,48.9135017453962,48.9135017453962,0,48.9135017453962,0,48.9135017453962,0,48.9135017453962,0
1,5000,1250,90.7760629274446,97.0840134224612,-6.30795049501663,90.9163323143421,-0.29641739397718,91.5760029484515,-0.956088028086512,97.0169263840342,-6.39701146366919
1,1250,1250,86.6339643793224,94.7463145412462,-8.11235016192376,84.2085154723702,2.34075594018103,85.4709688139866,1.07830259856465,94.8140814391875,-8.26481002663631
1,312.5,1250,80.0336435203293,89.5988051399894,-9.56516161966009,68.2053660882253,11.7400557550477,76.3134176122893,3.63200423098374,89.5586522059521,-9.61323036267908
1,78.13,1250,73.6592194138848,81.6701472206744,-8.01092780678961,67.1600313970556,6.45160272438494,70.2083834778244,3.40325064361615,81.4862982358935,-7.87466411445295
1,19.53,1250,69.930500024853,74.3189303691135,-4.38843034426051,67.1600313970556,2.77013800532139,68.1733720996694,1.75679730270755,74.3803978807012,-4.45022847832423
1,4.88,1250,68.166131968069,70.0942993661303,-1.92816739806128,67.1600313970556,0.901870885632562,67.1558664105919,0.906035872096211,69.9599583852405,-1.89805610255235
1,1.22,1250,67.4955512694089,68.3004207028495,-0.804869433440558,67.1600313970556,0.1877878185974,67.1558664105919,0.19195280506105,68.0408009566221,-0.692981740969088
1,0,1250,67.1600313970556,67.1600313970556,0,67.1600313970556,0,67.1600313970556,0,67.1600313970556,0
1,5000,5000,91.8851805532283,98.3674221962381,-6.4822416430098,90.9163323143421,0.966288052711903,91.5760029484515,0.306617418602571,98.342330623699,-6.459710256645
1,1250,5000,89.4574016623371,97.0586111973302,-7.60120953499309,84.2085154723702,5.29540567189841,87.5059801921415,1.99794095212707,97.118227877368,-7.61430673309934
1,312.5,5000,86.231610679657,94.1766673441315,-7.94505666447454,81.7511006163486,4.51374000528267,84.4534631249091,1.81137749672214,94.1978292480399,-7.93298862640867
1,78.13,5000,83.765868569275,89.7376376749278,-5.97176910565278,81.7511006163486,2.02826590313258,82.4184517467541,1.36091477272701,89.7120888026118,-5.9327222831306
1,19.53,5000,82.5223416702221,85.6219008073636,-3.09955913714147,81.7511006163486,0.832319973011423,81.4009460576767,1.18247453168334,85.7633986506812,-3.17997806132118
1,4.88,5000,81.9724192774363,83.2566502751145,-1.28423099767818,81.7511006163486,0.244746220076522,81.4009460576767,0.594900778748439,83.3069969238857,-1.3111500874606
1,1.22,5000,81.7730203470357,82.2523087219424,-0.479288374906659,81.7511006163486,0.0283607747428221,81.4009460576767,0.37851533341474,82.2405369878337,-0.461075596742333
1,0,5000,81.7511006163486,81.7511006163486,0,81.7511006163486,0,81.7511006163486,0,81.7511006163486,0
2,5000,0,90.9163323143421,90.9163323143421,0,90.9163323143421,0,90.9163323143421,0,90.9163323143421,0
2,1250,0,84.2085154723702,84.2085154723702,0,84.2085154723702,0,84.2085154723702,0,84.2085154723702,0
2,312.5,0,68.2053660882253,68.2053660882253,0,68.2053660882253,0,68.2053660882253,0,68.2053660882253,0
2,78.13,0,43.6244839696753,43.6244839696753,0,43.6244839696753,0,43.6244839696753,0,43.6244839696753,0
2,19.53,0,21.9865206661563,21.9865206661563,0,21.9865206661563,0,21.9865206661563,0,21.9865206661563,0
2,4.88,0,8.52597340161241,8.52597340161241,0,8.52597340161241,0,8.52597340161241,0,8.52597340161241,0
2,1.22,0,2.68200487709208,2.68200487709208,0,2.68200487709208,0,2.68200487709208,0,2.68200487709208,0
2,0,0,0.251255663656069,0.251255663656069,0,0.251255663656069,0,0.251255663656069,0,0.251255663656069,0
2,5000,0.0122,90.9823474297223,91.1221336695946,-0.139786239872308,90.9163323143421,0.00123817617551936,90.9319158598583,-0.0143453693406315,90.9430804718409,-0.0255099813231965
2,1250,0.0122,84.0920603611091,84.004893025201,0.0871673359080205,84.2085154723702,0.00349590511416409,84.160426769447,0.0515846080373592,84.2550157550644,-0.0430043775800755
2,312.5,0.0122,68.235946997483,68.333044344253,-0.0970973467700134,68.2053660882253,0.0100954231930217,68.6827374199355,-0.467275908517195,68.2989899310293,-0.0835284196110138
2,78.13,0.0122,43.7924734729894,44.1938505189509,-0.401377045961517,43.6244839696753,0.0218956192234856,44.4988478113238,-0.852468222424974,43.790489732329,-0.144110143430218
2,19.53,0.0122,21.7373189432031,21.812704776824,-0.0753858336209383,21.9865206661563,0.0327755801394218,21.2823137870565,0.736982459239236,22.2162425036845,-0.196946257388731
2,4.88,0.0122,8.60620544190255,8.95060533210436,-0.34439989020181,8.52597340161241,0.0393025150075506,8.70669119057841,-0.141415273958447,8.79533174398753,-0.23005582736757
2,1.22,0.0122,2.99476971469015,3.48905241953378,-0.494282704843624,2.68200487709208,0.0420579534401044,2.90255768451159,-0.178494853979409,2.96857161985357,-0.24450878932138
2,0,0.0122,0.294464289363502,0.294464289363502,0,0.294464289363502,0,0.294464289363502,0,0.294464289363502,0
2,5000,0.0488,90.9840931477766,91.1306764545282,-0.146583306751623,90.9163323143421,0.00498624168973549,90.9319158598583,-0.0105973038264153,90.9592177660702,-0.0378992100383613
2,1250,0.0488,84.1003107048308,84.0202844214883,0.0800262833425904,84.2085154723702,0.0152073985906185,84.160426769447,0.0632961015138136,84.283069603021,-0.0593467320601491
2,312.5,0.0488,68.2646551800832,68.3635160794202,-0.0988608993370121,68.2053660882253,0.0472082748717355,68.6827374199355,-0.430163056838481,68.3554736532553,-0.102899290158291
2,78.13,0.0488,43.8587844400834,44.2475503512358,-0.388765911152419,43.6244839696753,0.107453663965579,44.4988478113238,-0.766910177682881,43.8906418207802,-0.158704187139257
2,19.53,0.0488,21.8408018013653,21.8879410129618,-0.047139211596523,21.9865206661563,0.16476479220686,22.249669371401,-0.098383913037793,22.3548348117074,-0.203549353344183
2,4.88,0.0488,8.73161650486755,9.0382182075451,-0.306601702677549,8.52597340161241,0.199758344013761,8.70669119057841,0.0190405550477628,8.95783694922478,-0.232105203598611
2,1.22,0.0488,3.12918556393352,3.5819207099807,-0.452735146047181,2.68200487709208,0.214644130702021,3.86991326885606,-0.973264261061962,3.14145873720064,-0.24480972940654
2,0,0.0488,0.47211603519811,0.47211603519811,0,0.47211603519811,0,0.47211603519811,0,0.47211603519811,0
2,5000,0.1953,90.9918833104167,91.2139519171898,-0.222068606773092,90.9163323143421,0.0203402509550443,90.9319158598583,0.0047567054388935,91.0625753562296,-0.1259027909324
2,1250,0.1953,84.1501946345856,84.1703204643926,-0.0201258298069433,84.2085154723702,0.0731624353025921,84.160426769447,0.121251138225787,84.4627514058231,-0.181073498150283
2,312.5,0.1953,68.4577983622007,68.660555963236,-0.202757601035302,68.2053660882253,0.256917384061396,68.6827374199355,-0.220453947648821,68.7172456659312,-0.254962193644531
2,78.13,0.1953,44.3347879801143,44.7710188001218,-0.436230820007566,43.6244839696753,0.627058488821739,45.4662033956682,-1.21466093717119,44.5321049040327,-0.280562445535644
2,19.53,0.1953,22.6069927580959,22.6213473227264,-0.0143545646305547,21.9865206661563,0.992519376445653,23.2170249557455,-0.237984913143471,23.2425032627035,-0.263463220101514
2,4.88,0.1953,9.67352000236633,9.89227256969024,-0.218752567323914,8.52597340161241,1.22021721583642,10.6414023592673,-0.895211741818517,9.99866487012158,-0.252474252672744
2,1.22,0.1953,4.14417275122201,4.48720510068431,-0.343032349462304,2.68200487709208,1.31790813840753,4.83726885320053,-0.837355837700924,4.24878166039867,-0.24886864489906
2,0,0.1953,1.60995587848664,1.60995587848664,0,1.60995587848664,0,1.60995587848664,0,1.60995587848664,0
2,5000,0.7813,91.0368337107037,91.9543960051987,-0.917562294494985,90.9163323143421,0.0894552126275272,90.9319158598583,0.0738716671113764,91.8113118049478,-0.805524277978108
2,1250,0.7813,84.5030496667476,85.5043665015578,-1.00131683481018,84.2085154723702,0.417986106026504,84.160426769447,0.466074808949699,85.7643908376436,-1.13788925924689
2,312.5,0.7813,69.8908495430731,71.3016872021952,-1.41083765912207,68.2053660882253,1.66643820718869,70.6174485886244,-0.745644293210461,71.3379713581518,-1.46616706273784
2,78.13,0.7813,48.0013796317724,49.4254404730708,-1.42406084129839,43.6244839696753,4.28635496538022,49.3356257330461,-1.42478679799059,49.178950773774,-1.26811183871844
2,19.53,0.7813,28.6167767132683,29.1424322716099,-0.525655558341608,21.9865206661563,6.92251221422009,29.9885140461567,-1.07948116578032,29.6728943216806,-0.763861441304151
2,4.88,0.7813,17.1236387461576,17.4861001279784,-0.362461381820786,9.85262254825462,7.25817101189413,17.4128914496786,-0.30209788952989,17.5385639720416,-0.42777041189283
2,1.22,0.7813,12.198677974456,12.536544649687,-0.337866675231059,9.85262254825462,2.13144091224214,12.5761135279563,-0.592050067459535,12.270379608081,-0.286316147584287
2,0,0.7813,9.85262254825462,9.85262254825462,0,9.85262254825462,0,9.85262254825462,0,9.85262254825462,0
2,5000,3.125,91.4869557132755,95.515038606741,-4.02808289346555,90.9163323143421,0.567525139447469,91.8992714442028,-0.415413990413157,95.4188451126912,-3.9349876589016
2,1250,3.125,86.8503502677059,91.9195182048044,-5.06916793709851,84.2085154723702,2.66097650700058,86.0951379381359,0.774354041234844,92.0359001424244,-5.16640816305356
2,312.5,3.125,78.0708575463651,84.0023415230241,-5.93148397665908,68.2053660882253,9.79176371921838,76.4215820946913,1.57554771275241,83.9650516095943,-5.96792180215058
2,78.13,3.125,67.0224792550411,71.8075924311067,-4.78511317606565,49.5671237011242,17.4238909229056,63.8459594982132,3.14505512581668,71.5682057375735,-4.57719111354361
2,19.53,3.125,58.2006628462941,60.5009821652415,-2.30031931894744,49.5671237011242,8.73174262039662,55.1397592391129,3.1591070824079,60.6555584711136,-2.35669214959275
2,4.88,3.125,53.0484108188559,54.0032475408466,-0.954836721990667,49.5671237011242,3.34334205094509,51.2703369017351,1.64012885033424,53.8670173200344,-0.956551567965143
2,1.22,3.125,50.7950899138766,51.2441550913209,-0.449065177444325,49.5671237011242,0.981696846508463,50.3029813173906,0.245839230242083,50.9197359031179,-0.370915355485202
2,0,3.125,49.5671237011242,49.5671237011242,0,49.5671237011242,0,49.5671237011242,0,49.5671237011242,0
2,5000,12.5,93.9221139343959,98.8855566996846,-4.96344276528863,90.9163323143421,3.01392478362106,92.8666270285472,1.06363006941596,98.8842290865319,-4.95397198856867
2,1250,12.5,92.7836628479054,97.9921256817257,-5.20846283382032,87.7167356614134,5.06831681191824,90.9319158598583,1.85313661347338,98.0602902124842,-5.27523773915256
2,312.5,12.5,91.2644836513014,96.0248301496649,-4.76034649836346,87.7167356614134,3.53713742517743,88.9972046911694,2.25666839542151,96.0945810711308,-4.84070798453995
2,78.13,12.5,89.8402767966645,92.9946242609494,-3.15434746428491,87.7167356614134,2.18850967447425,88.0298491068249,1.87539622906279,93.075246343753,-3.17000100786528
2,19.53,12.5,88.7798268720006,90.1851070867302,-1.40528021472959,87.7167356614134,1.17859370296756,88.0298491068249,0.865480257556101,90.4173981136954,-1.52206874931439
2,4.88,12.5,88.1047977236937,88.5705208764078,-0.465723152714006,87.7167356614134,0.469624977903379,87.0624935224804,1.12386711683639,88.7640035117711,-0.577642872454263
2,1.22,12.5,87.7824598878392,87.8849292233901,-0.102469335550907,87.7167356614134,0.139544974306048,87.0624935224804,0.793787113239063,88.0461734100404,-0.189892774320953
2,0,12.5,87.7167356614134,87.7167356614134,0,87.7167356614134,0,87.7167356614134,0,87.7167356614134,0
2,5000,50,95.5948320457472,99.5416419564465,-3.94680991069927,94.700159538692,0.903650941018668,94.8013381972362,0.802472282474511,99.5185801046247,-3.91476962491406
2,1250,50,95.5190936719378,99.1741837884752,-3.65509011653741,94.700159538692,0.810047846233829,94.8013381972362,0.708869187689672,99.1630765135635,-3.65286912863763
2,312.5,50,95.3969124811948,98.3650571770884,-2.96814469589353,94.700159538692,0.678395294458582,94.8013381972362,0.577216635914425,98.314935127419,-2.9363802942684
2,78.13,50,95.2419188891836,97.118767444517,-1.87684855533345,94.700159538692,0.520581489363167,94.8013381972362,0.41940283081901,97.0121875911537,-1.7914465630985
2,19.53,50,95.0683303422138,95.9632445076922,-0.894914165478383,94.700159538692,0.320459768303863,94.8013381972362,0.219281109759706,95.8654100569908,-0.844790749994928
2,4.88,50,94.9205460621182,95.2991832886939,-0.378637226575719,94.700159538692,0.134387921376842,94.8013381972362,0.0332092628326848,95.152022526751,-0.317475066682178
2,1.22,50,94.8418241687325,95.0172071229573,-0.175382954224801,94.700159538692,0.040792947410651,94.8013381972362,-0.060385711133506,94.8423015183424,-0.101349032239725
2,0,50,94.700159538692,94.700159538692,0,94.700159538692,0,94.700159538692,0,94.700159538692,0
3,5000,0,81.7211216586772,81.7211216586772,0,81.7211216586772,0,81.7211216586772,0,81.7211216586772,0
3,1250,0,67.1060824981122,67.1060824981122,0,67.1060824981122,0,67.1060824981122,0,67.1060824981122,0
3,312.5,0,48.8295777817338,48.8295777817338,0,48.8295777817338,0,48.8295777817338,0,48.8295777817338,0
3,78.13,0,30.970858616447,30.970858616447,0,30.970858616447,0,30.970858616447,0,30.970858616447,0
3,19.53,0,17.2677949262358,17.2677949262358,0,17.2677949262358,0,17.2677949262358,0,17.2677949262358,0
3,4.88,0,8.80135191781617,8.80135191781617,0,8.80135191781617,0,8.80135191781617,0,8.80135191781617,0
3,1.22,0,4.27949164747454,4.27949164747454,0,4.27949164747454,0,4.27949164747454,0,4.27949164747454,0
3,0,0,0.0873902533996446,0.0873902533996446,0,0.0873902533996446,0,0.0873902533996446,0,0.0873902533996446,0
3,5000,0.0122,81.6832098881891,81.6931777100582,-0.00996782186916789,81.7211216586772,0.00356339958420904,81.3652606856417,0.359424372619699,81.7450066436797,-0.020321585418273
3,1250,0.0122,67.1829017437768,67.3106719474986,-0.127770203721823,67.1060824981122,0.00838305639138071,67.1273427230159,-0.0128771685123326,67.1490649345361,-0.0345993800324891
3,312.5,0.0122,48.8450358482386,48.9540551537998,-0.109019305561262,48.8295777817338,0.0162235576820677,48.8214481996399,0.0243531397760393,48.8964421015478,-0.0506407621318843
3,78.13,0.0122,30.9101908319109,30.9927742401479,-0.0825834082370385,30.970858616447,0.0253284671912262,30.5155536762638,0.480633407374345,31.0610588998502,-0.0648718162120332
3,19.53,0.0122,17.2767975926824,17.4487895390807,-0.17199194639829,17.2677949262358,0.0330032447300965,17.2946298538256,0.00616831714034305,17.3759009839769,-0.0751028130110178
3,4.88,0.0122,8.87753856881244,9.10829848447596,-0.230759915663519,8.80135191781617,0.0379845946006068,9.15867673232512,-0.319340219908343,8.9205210649058,-0.0811845524890167
3,1.22,0.0122,4.37084448126318,4.59902918054813,-0.228184699284954,4.27949164747454,0.0407118817900498,4.07370603138733,0.246497497877258,4.40456950311421,-0.0843659738496179
3,0,0.0122,0.130669861446006,0.130669861446006,0,0.130669861446006,0,0.130669861446006,0,0.130669861446006,0
3,5000,0.0488,81.6908547269458,81.7107925869443,-0.0199378599985067,81.7211216586772,0.0153622266477242,81.3652606856417,0.371223199683214,81.7775327358052,-0.0410488504802942
3,1250,0.0488,67.2054485297885,67.3421257126586,-0.136677182870145,67.1060824981122,0.0387699935928936,67.1273427230159,0.0175097686891803,67.2075975518585,-0.0627450601534179
3,312.5,0.0488,48.8930628434083,49.0031717082602,-0.11010886485181,48.8295777817338,0.0784106659286081,48.8214481996399,0.0865402480225796,48.9874965872823,-0.0795081396198967
3,78.13,0.0488,30.9885027100177,31.0591731905915,-0.0706704805738276,30.970858616447,0.125696874444234,31.5325478164514,-0.435992325560207,31.1838918313935,-0.0873363405023078
3,19.53,0.0488,17.3808970833945,17.5282205504292,-0.147323467034621,17.2677949262358,0.166236441461624,17.2946298538256,0.139401513871871,17.5231176388356,-0.0890862711381182
3,4.88,0.0488,8.99847047764332,9.19575474022615,-0.197284262582828,8.80135191781617,0.192802282414362,9.15867673232512,-0.164522532094587,9.08280321230315,-0.0886490120726133
3,1.22,0.0488,4.50101565629454,4.69082426814892,-0.18980861185438,4.27949164747454,0.207419144985675,5.09070017157489,-0.603789379114675,4.57489801096024,-0.0879872185000226
3,0,0.0488,0.308613450314906,0.308613450314906,0,0.308613450314906,0,0.308613450314906,0,0.308613450314906,0
3,5000,0.1953,81.7362513797229,81.8825063551801,-0.146254975457239,81.7211216586772,0.0726635013257066,81.3652606856417,0.428524474361197,81.9858587693774,-0.192073609374518
3,1250,0.1953,67.3553188786554,67.6487440657562,-0.293425187100837,67.1060824981122,0.207505270082905,68.1443368632035,-0.830749095008372,67.5824925117056,-0.268904743510475
3,312.5,0.1953,49.2310613327817,49.4819708905473,-0.250909557765532,48.8295777817338,0.448286970392381,49.8384423398274,-0.560577587701211,49.5706905282829,-0.292825776156718
3,78.13,0.1953,31.5586529406757,31.7064450427488,-0.147792102073087,30.970858616447,0.744952678908216,32.5495419566389,-0.833730661283777,31.9706232137465,-0.254811918391283
3,19.53,0.1953,18.1534678341632,18.3025318534051,-0.149064019241923,17.2677949262358,1.00424002405056,18.3116239940131,-0.0395890437267497,18.4660240803504,-0.193989130064026
3,4.88,0.1953,9.90490610280289,10.0482979244779,-0.143391821674969,8.80135191781617,1.17595276297081,10.1756708725127,-0.198366191725702,10.1222024723309,-0.144897791543944
3,1.22,0.1953,5.48142368586871,5.58566335782343,-0.104239671954724,4.27949164747454,1.27093621326686,5.09070017157489,0.459727689166515,5.66583332242934,-0.115405461687931
3,0,0.1953,1.44832251605798,1.44832251605798,0,1.44832251605798,0,1.44832251605798,0,1.44832251605798,0
3,5000,0.7813,82.0582821573957,83.4093302838341,-1.35104812643843,81.7211216586772,0.407248717121973,82.3822548258293,-0.253884450030085,83.4950009069982,-1.36663053119905
3,1250,0.7813,68.4792945318905,70.3750964327425,-1.89580190085196,67.1060824981122,1.33409785268883,69.161331003391,-0.721150652589998,70.298282619094,-1.85810226829298
3,312.5,0.7813,51.8324835946039,53.7393001428639,-1.90681654825995,48.8295777817338,3.03969553519062,52.8894247603901,-1.02015144346564,53.7954268018898,-1.92615348496533
3,78.13,0.7813,36.0146778824242,37.4617794132615,-1.4471015308373,30.970858616447,5.16769969217112,36.6175185173892,-0.478960208771106,37.6698124112694,-1.53125410265137
3,19.53,0.7813,24.2414510768204,25.1874604048956,-0.94600932807521,17.2677949262358,7.03761759564849,23.3965946949509,0.908817826933387,25.2965666598065,-0.991154137922191
3,4.88,0.7813,17.0772757679546,17.6288393528079,-0.55156358485322,9.70453008766322,7.37552071651577,16.277635713638,0.802415090540968,17.6517521604938,-0.571701356314797
3,1.22,0.7813,13.2548952184769,13.5422864547762,-0.287391236299371,9.70453008766322,3.54077477711971,12.2096591528878,1.03564571189514,13.5687171806096,-0.323412315826625
3,0,0.7813,9.70453008766322,9.70453008766322,0,9.70453008766322,0,9.70453008766322,0,9.70453008766322,0
3,5000,3.125,84.3723970976353,90.751652122642,-6.37925502500666,81.7211216586772,2.65688161224391,84.4162431062044,-0.038239835283278,90.7662918090326,-6.38828853811144
3,1250,3.125,75.4639767008105,83.4858134897221,-8.02183678891159,67.1060824981122,8.29800738098383,75.2632958445164,0.140794034579656,83.3833985981763,-7.97930871908029
3,312.5,3.125,66.5376352288611,74.2123101328477,-7.67467490398663,49.4842734956393,17.0401926481941,64.0763603024532,2.44810584138018,74.1508894610941,-7.62642331726065
3,78.13,3.125,59.4694064438901,65.1385248750059,-5.6691184311158,49.4842734956393,9.99387977438038,55.9404071809528,3.53774608906693,65.1294277303759,-5.65127446035619
3,19.53,3.125,54.826573709417,58.2962952309292,-3.46972152151215,49.4842734956393,5.28986298626455,51.8724306202025,2.90170586170133,58.2072255539105,-3.43308907200661
3,4.88,3.125,52.1917043741248,54.0827970323173,-1.89109265819247,49.4842734956393,2.60939166915216,49.8384423398274,2.25522282496405,53.9303403591296,-1.83667519433816
3,1.22,3.125,50.8296015750221,51.8047779127277,-0.975176337705562,49.4842734956393,1.23763295199101,49.8384423398274,0.883464107802901,51.6460897920545,-0.924183344424186
3,0,3.125,49.4842734956393,49.4842734956393,0,49.4842734956393,0,49.4842734956393,0,49.4842734956393,0
3,5000,12.5,91.1270277132529,97.7019409993934,-6.57491328614046,87.6965569397311,3.45153723870384,90.5182079473297,0.629886231105147,97.7510686112195,-6.60297443278463
3,1250,12.5,89.1406040193397,95.8965022238672,-6.7558982045275,87.6965569397311,1.40986528552014,88.4842196669546,0.622202558296564,95.9529155898634,-6.8464933646122
3,312.5,12.5,88.0863331587374,93.592192509416,-5.50585935067852,87.6965569397311,0.456110732159559,87.4672255267671,0.685442145123545,93.7042762386764,-5.5516085667858
3,78.13,12.5,87.7562260877547,91.3375093856976,-3.58128329794297,87.6965569397311,0.157274288862013,87.4672255267671,0.386605701825999,91.507038894882,-3.65320766628894
3,19.53,12.5,87.647266489791,89.6373303238477,-1.99006383405677,87.6965569397311,0.0613788078339468,87.4672255267671,0.290710220797934,89.8210902562445,-2.06315450867949
3,4.88,12.5,87.603055220397,88.5903468422828,-0.987291621885831,87.6965569397311,0.0258472046773051,87.4672255267671,0.255178617641292,88.7794262614734,-1.05702211706509
3,1.22,12.5,87.5833794111614,88.0242973801791,-0.440917969017704,87.6965569397311,0.011309245255319,87.4672255267671,0.240640658219306,88.223081757847,-0.515215572860669
3,0,12.5,87.6965569397311,87.6965569397311,0,87.6965569397311,0,87.6965569397311,0,87.6965569397311,0
3,5000,50,94.3685148898896,99.054822014797,-4.68630712490742,94.6914530578509,-0.160751235688906,94.58618450808,-0.0554826859179514,99.0296571627526,-4.49895534059053
3,1250,50,94.0902559134699,98.312255795301,-4.22199988183108,94.6914530578509,-0.730030550073266,94.58618450808,-0.624762000302312,98.2538109483005,-4.29238844052283
3,312.5,50,94.1746640072161,97.364506928708,-3.18984292149187,94.6914530578509,-0.599809189025677,94.58618450808,-0.494540639254723,97.2835941160475,-3.19195024722221
3,78.13,50,94.375754264049,96.4371691834261,-2.06141491937711,94.6914530578509,-0.329179300134527,94.58618450808,-0.223910750363572,96.3355556258916,-1.97328186817523
3,19.53,50,94.5920111012347,95.7378956574899,-1.14588455625521,94.6914530578509,-0.159349911787231,94.58618450808,-0.0540813620162766,95.6081220573842,-1.0760189113205
3,4.88,50,94.7144932575986,95.3072775848534,-0.592784327254734,94.6914530578509,-0.0742795019722138,94.58618450808,0.0309890477987409,95.1586769559519,-0.541503400073225
3,1.22,50,94.7566675568596,95.0744648111277,-0.317797254268086,94.6914530578509,-0.0342225396133955,94.58618450808,0.0710460101575592,94.9186318808425,-0.261401362604929
3,0,50,94.6914530578509,94.6914530578509,0,94.6914530578509,0,94.6914530578509,0,94.6914530578509,0
4,5000,0,99.4818230817404,99.4818230817404,0,99.4818230817404,0,99.4818230817404,0,99.4818230817404,0
4,1250,0,83.5001560238377,83.5001560238377,0,83.5001560238377,0,83.5001560238377,0,83.5001560238377,0
4,312.5,0,77.0911257190474,77.0911257190474,0,77.0911257190474,0,77.0911257190474,0,77.0911257190474,0
4,78.13,0,60.1276497633897,60.1276497633897,0,60.1276497633897,0,60.1276497633897,0,60.1276497633897,0
4,19.53,0,41.0641936653112,41.0641936653112,0,41.0641936653112,0,41.0641936653112,0,41.0641936653112,0
4,4.88,0,15.4553449155321,15.4553449155321,0,15.4553449155321,0,15.4553449155321,0,15.4553449155321,0
4,1.22,0,8.93722473321339,8.93722473321339,0,8.93722473321339,0,8.93722473321339,0,8.93722473321339,0
4,0,0,0.100944653417429,0.100944653417429,0,0.100944653417429,0,0.100944653417429,0,0.100944653417429,0
4,5000,1.22,97.3229743894676,95.3197386833997,2.00323570606791,99.4818230817404,0,95.5535999703298,3.92822311141053,99.552158056475,-0.0703349747346635
4,1250,1.22,86.101436093794,89.9809865741544,-3.87955048036038,83.5001560238377,1.99089026489231,88.728454502615,-3.23740821388496,85.7397696930204,-0.248723404290331
4,312.5,1.22,74.5282511071175,79.3601892490495,-4.83193814193206,77.0911257190474,-8.97264242670644,77.8082217542713,-9.68973846193033,80.2006719704746,-12.0821886781336
4,78.13,1.22,55.0895252839491,62.2379869459616,-7.14846166201249,60.1276497633897,-6.40903030479029,58.6978144446698,-4.97919498607047,65.5397409771831,-11.8211215185838
4,19.53,1.22,36.2718553321949,42.1902851740093,-5.91842984181435,41.0641936653112,-5.48176634579939,36.8573489479824,-1.27492162847059,49.0638715811851,-13.4814442616733
4,4.88,1.22,18.4749600299866,25.9061358779811,-7.43117584799447,15.4553449155321,5.3999489376531,20.4769998254669,0.378294027718333,26.9310513196085,-6.07575746642332
4,1.22,1.22,12.8237493408247,16.177177907757,-3.35342856693235,13.5735445281681,-15.4907626090251,10.9217961706661,-12.8390142515231,21.2976710826363,-23.2148891634933
4,0,1.22,13.5735445281681,13.5735445281681,0,13.5735445281681,0,13.5735445281681,0,13.5735445281681,0
4,5000,4.88,95.0322355437048,95.5523175770677,-0.520082033362883,99.4818230817404,-2.31815989747734,95.5535999703298,1.61006321393319,99.5282750370823,-2.36461185281924
4,1250,4.88,85.9122492912955,90.4788671198331,-4.56661782853764,83.5001560238377,-0.463631979495503,88.728454502615,-5.69193045827278,84.9792840755134,-1.9427600311712
4,312.5,4.88,76.3272372995748,80.38585513077,-4.05861783119525,77.0911257190474,-5.45449387641732,77.8082217542713,-6.17158991164121,79.1447911131095,-7.50815927047944
4,78.13,4.88,56.5490617323945,64.1145161875307,-7.56545445513622,60.1276497633897,-4.09087040731296,58.6978144446698,-2.66103508859315,63.7020054849597,-7.665226128883
4,19.53,4.88,35.2768650398709,45.0630562882638,-9.7861912483929,41.0641936653112,-8.07265093709759,38.2223780415254,-5.23083531331176,46.3474923755115,-13.3559496472979
4,4.88,4.88,16.6731987298774,29.5881245062581,-12.9149257763807,15.4553449155321,-6.05448820282323,21.8420289190098,-12.441172206301,23.0343481555233,-13.6334914428144
4,1.22,4.88,10.6422962489389,20.3426331906056,-9.70033694166667,8.96449720259555,-6.2726679578799,15.016883451295,-12.3250542065794,17.1005446746103,-14.4087154298947
4,0,4.88,8.96449720259555,8.96449720259555,0,8.96449720259555,0,8.96449720259555,0,8.96449720259555,0
4,5000,19.53,95.1051780821569,95.9407726675461,-0.835594585389217,99.4818230817404,-1.85452791798188,95.5535999703298,2.07369519342865,99.5904556792883,-1.96316051552982
4,1250,19.53,87.1770217254708,91.3104311081594,-4.13340938268863,83.5001560238377,1.71816557107142,88.728454502615,-3.51013290770585,86.9592466299694,-1.74092503506026
4,312.5,19.53,78.9892901254309,82.0989303225933,-3.10964019716245,77.0911257190474,0.436359510113363,77.8082217542713,-0.280736525110527,81.8938300316931,-4.36634480253228
4,78.13,19.53,60.0679074991983,67.2487100295552,-7.18080253035688,60.1276497633897,1.22726112219387,60.0628435382128,1.29206734737072,68.4866422694467,-7.1317313838632
4,19.53,19.53,39.0292135185336,49.8611811116817,-10.8319675931481,41.0641936653112,-2.72724693820861,39.5874071350684,-1.25046040796574,53.4197222601056,-15.0827755330029
4,4.88,19.53,23.1061927380435,35.7378107618798,-12.6316180238363,20.9643837307136,-4.52722991742631,25.9371161996387,-9.49996238635149,33.1796108312482,-16.742457017961
4,1.22,19.53,17.4376694009999,27.2998092406924,-9.86213983969245,20.9643837307136,-8.48173797782888,21.8420289190098,-9.35938316612517,28.0279743759798,-15.5453286230952
4,0,19.53,20.9643837307136,20.9643837307136,0,20.9643837307136,0,20.9643837307136,0,20.9643837307136,0
4,5000,78.13,97.234074014314,96.543915876013,0.690158138301001,99.4818230817404,-0.0818174081462644,95.5535999703298,3.84640570326427,99.6243723932189,-0.224366719624783
4,1250,78.13,87.3161790935903,92.6015769426673,-5.28539784907697,83.5001560238377,1.6636206323072,88.728454502615,-3.56467784647008,88.0392262051272,-2.87544954898229
4,312.5,78.13,77.7088485550582,84.7587736168817,-7.04992506182343,77.0911257190474,0,77.8082217542713,-0.717096035223889,83.3933058054659,-6.30218008641846
4,78.13,78.13,63.8407240206564,72.1150839712828,-8.27435995062635,60.1276497633897,5.97267079467696,61.4278726317558,4.67244792631085,71.0964441518942,-4.99612359382756
4,19.53,78.13,48.2001139556297,57.3110935251253,-9.11097956949567,41.0641936653112,9.89990638569736,43.6824944156972,7.28160563531134,57.2773021971568,-6.31320214614824
4,4.88,78.13,35.6861247197379,45.2862543019346,-9.60012958219668,27.5097763824142,9.89990638569736,35.4923198544395,1.91736291367214,38.7133904725527,-1.30370770444105
4,1.22,78.13,27.3839275096704,38.1020192968147,-10.7180917871443,27.5097763824142,2.01816273427448,32.7622616673535,-3.23432255066482,33.9883905767268,-4.46045146003809
4,0,78.13,27.5097763824142,27.5097763824142,0,27.5097763824142,0,27.5097763824142,0,27.5097763824142,0
4,5000,312.5,96.2850396622924,97.3827457956849,-1.09770613339251,99.4818230817404,-1.30907853034014,95.5535999703298,2.61914458107039,99.7518427097413,-1.57909815834107
4,1250,312.5,87.9065947503142,94.3972562132639,-6.4906614629497,83.5001560238377,1.30907853034013,90.093483596158,-5.28424904198012,92.098149441762,-7.28891488758416
4,312.5,312.5,80.7310518187741,88.4579881741662,-7.72693635539213,77.0911257190474,3.57269348905325,79.1732508478143,1.4905683602864,89.0288355885621,-8.36501638046146
4,78.13,312.5,70.1817506593219,78.8830621319079,-8.70131147258597,60.1276497633897,11.0726225691271,64.1579308188417,7.04234151367507,80.9049495600926,-9.70467722757589
4,19.53,312.5,58.7366861970026,67.6721642353752,-8.93547803837266,52.1095437650563,7.22720438625286,54.6027271640409,4.7340209872682,71.7753734605747,-12.4386253092655
4,4.88,312.5,53.4282272111702,58.5658867594664,-5.13765954829623,52.1095437650563,1.17271618342964,50.5076398834121,2.77462006507386,59.5111789577888,-6.22891900930287
4,1.22,312.5,47.251804594136,53.1253452108869,-5.87354061675081,52.1095437650563,-16.0089395272848,49.1426107898691,-13.0420065520976,56.3896214645344,-20.2890172267629
4,0,312.5,52.1095437650563,52.1095437650563,0,52.1095437650563,0,52.1095437650563,0,52.1095437650563,0
4,5000,1250,96.7892333852854,98.3869004552396,-1.59766706995423,99.4818230817404,-2.61815706068029,95.5535999703298,1.31006605073024,99.8314056678368,-2.96773964677669
4,1250,1250,88.0004040236342,96.5468453783005,-8.54644135466627,83.5001560238377,3.21815138708618,90.093483596158,-3.37517618523407,94.6316015284864,-7.91329411756246
4,312.5,1250,83.8943907499041,92.8862798305281,-8.99188908062393,77.0911257190474,6.51812018231864,81.9033090349002,1.70593686646586,92.5463558412042,-8.93710993983814
4,78.13,1250,80.5558012041182,86.9849390993081,-6.42913789518988,67.4639440271709,15.2998553233505,73.7131344736424,9.0506648768789,87.027109809334,-4.26331045881265
4,19.53,1250,75.3984443309567,80.0752952964875,-4.6768509655308,67.4639440271709,7.00902463119621,69.6180471930135,4.85492146535353,80.8246130629075,-6.35164440454041
4,4.88,1250,72.4349402689245,74.4627980363314,-2.02785776740693,67.4639440271709,1.6090756935431,68.2530180994706,0.820001621243378,72.4925036996822,-3.41948397896823
4,1.22,1250,69.1924015819548,71.1096139700706,-1.91721238811577,67.4639440271709,3.43633114214296,68.2530180994706,2.64725706984323,70.3717644687867,0.528510700527121
4,0,1250,67.4639440271709,67.4639440271709,0,67.4639440271709,0,67.4639440271709,0,67.4639440271709,0
4,5000,5000,99.2664996566756,99.3936924338017,-0.127192777126098,99.4818230817404,-0.409087040731293,96.9186290638728,2.15410697713628,99.9372540792284,-0.864518038219373
4,1250,5000,87.3276907186055,98.7020802397535,-11.374389521148,87.8910235943537,-0.981808897755144,94.1885708767869,-7.27935618018836,98.0020377859581,-11.0928230893595
4,312.5,5000,85.8879897982,97.3262019838898,-11.4382121856898,87.8910235943537,-3.84541818287424,91.4585126897009,-7.41290727822152,97.2259698185203,-13.1803644070409
4,78.13,5000,87.6346398501077,95.1080948945443,-7.47345504443655,87.8910235943537,-0.681811734552184,88.728454502615,-1.51924264281354,95.1718665174722,-7.96265465767071
4,19.53,5000,87.7447093809481,92.5110020300689,-4.76629264912084,87.8910235943537,0.409087040731279,88.728454502615,-0.428343867530074,92.8634771164551,-4.56336648137018
4,4.88,5000,86.0093539724946,90.4014610751085,-4.39210710261389,87.8910235943537,-1.60907569354309,88.728454502615,-2.44650660180444,89.7625076635867,-3.48055976277614
4,1.22,5000,87.0214257579667,89.1411167418444,-2.11969098387769,87.8910235943537,-2.53633965253411,88.728454502615,-3.37377056079546,88.9732300286181,-3.61854608679852
4,0,5000,87.8910235943537,87.8910235943537,0,87.8910235943537,0,87.8910235943537,0,87.8910235943537,0
5,5000,0,90.5164882574887,90.5164882574887,0,90.5164882574887,0,90.5164882574887,0,90.5164882574887,0
5,1250,0,82.754183272515,82.754183272515,0,82.754183272515,0,82.754183272515,0,82.754183272515,0
5,312.5,0,66.4870919561788,66.4870919561788,0,66.4870919561788,0,66.4870919561788,0,66.4870919561788,0
5,78.13,0,54.7592615984468,54.7592615984468,0,54.7592615984468,0,54.7592615984468,0,54.7592615984468,0
5,19.53,0,23.0013094642718,23.0013094642718,0,23.0013094642718,0,23.0013094642718,0,23.0013094642718,0
5,4.88,0,5.99173680154687,5.99173680154687,0,5.99173680154687,0,5.99173680154687,0,5.99173680154687,0
5,1.22,0,9.16415709975353,9.16415709975353,0,9.16415709975353,0,9.16415709975353,0,9.16415709975353,0
5,0,0,-1.41620208628672,-1.41620208628672,0,-1.41620208628672,0,-1.41620208628672,0,-1.41620208628672,0
5,5000,0.0122,90.4390713307331,88.9274626554464,1.51160867528671,90.5164882574887,0.0506237281628614,88.5747821290691,1.99232985658244,90.1565399277113,0.410572057940286
5,1250,0.0122,80.5559729092604,83.815686341452,-3.25971343219159,82.754183272515,-5.12987112050442,83.5971699258096,-5.97285777379903,82.0996153133824,-4.47530316137183
5,312.5,0.0122,63.2569628098135,71.5804484171496,-8.32348560733612,66.4870919561788,-6.3785897485219,70.6553781973351,-10.5468759896781,65.2151037303106,-5.10660152265367
5,78.13,0.0122,46.6766838086565,50.1114629078132,-3.43477909915667,54.7592615984468,-14.4446371024728,48.7538845029935,-8.43926000701942,53.0421415412702,-12.7275170452962
5,19.53,0.0122,21.6376142336543,27.1193701017939,-5.48175586813965,23.0013094642718,-3.27366775453238,25.856868368,-6.12922665826056,20.0788108365595,-0.351169126820064
5,4.88,0.0122,7.17678448460437,12.4974964315597,-5.32071194695533,5.99173680154687,-4.10052198119263,10.9240317582217,-9.03281693786741,2.42363689907364,-0.532422078719406
5,1.22,0.0122,5.54982711178081,6.02189496619275,-0.472067854411945,9.16415709975353,0.978725411148888,3.95537467365842,6.187507837244,5.71646695884285,4.42641555205957
5,0,0.0122,-3.79551730994211,-3.79551730994211,0,-3.79551730994211,0,-3.79551730994211,0,-3.79551730994211,0
5,5000,0.0488,89.2847954481014,88.9284205373528,0.356374910748542,90.5164882574887,-0.961850835094623,88.5747821290691,0.97985529332496,91.5904108795518,-2.03577345715772
5,1250,0.0488,82.5103705376384,83.8170864416042,-1.30671590396582,82.754183272515,-2.96992538555521,83.5971699258096,-3.81291203884983,84.7071172934198,-4.92285940645998
5,312.5,0.0488,64.4393164343944,71.5829069840889,-7.14359054969441,66.4870919561788,-3.10492199398951,70.6553781973351,-7.27320823514577,70.2821281259605,-6.89995816377118
5,78.13,0.0488,43.2805313815675,50.1157787502917,-6.83524736872424,54.7592615984468,-23.1519183464867,48.7538845029935,-17.1465412510334,59.8823693382176,-28.2750260862575
5,19.53,0.0488,19.6034999848559,27.1256749833702,-7.52217499851425,23.0013094642718,-5.8386033147846,25.856868368,-8.69416221851278,31.7207203619122,-14.558014212425
5,4.88,0.0488,9.14187812199085,12.5050662470702,-3.36318812507938,11.3241028347027,-3.84740334037827,10.9240317582217,-3.44733226389718,16.6373291992577,-9.16062970493325
5,1.22,0.0488,10.3354552270013,6.03002498405653,4.30543024294479,11.3241028347027,-4.04989825302982,3.95537467365842,3.3188299080145,19.4505013605465,-12.1762967788736
5,0,0.0488,11.3241028347027,11.3241028347027,0,11.3241028347027,0,11.3241028347027,0,11.3241028347027,0
5,5000,0.1953,91.2863408491815,88.9422402947534,2.34410055442815,90.5164882574887,1.38371523645182,88.5747821290691,3.3254213648714,91.303956749664,0.596246744276499
5,1250,0.1953,81.0914497466794,83.8372862640564,-2.745836517377,82.754183272515,-4.35364062200699,83.5971699258096,-5.19662727530161,84.1861989291043,-5.78565627859628
5,312.5,0.1953,63.2822496365104,71.618377743508,-8.33612810699761,66.4870919561788,-4.84300332758139,70.6553781973351,-9.01128956873764,69.2698542790617,-7.62576565046429
5,78.13,0.1953,46.788943593792,50.1780451900633,-3.38910159627132,54.7592615984468,-17.7520540091137,49.7494069436454,-12.7421993543123,58.51585061539,-21.5086430260569
5,19.53,0.1953,23.089552980373,27.2166381107051,-4.12708513033207,23.0013094642718,3.81365418826968,25.856868368,0.958095284541507,29.3949370973608,-2.57997344481928
5,4.88,0.1953,10.3943361161015,12.6142790980752,-2.21994298197376,8.30355372098471,-2.5649355602522,10.9240317582217,-5.18541359748915,13.7977634383951,-8.05914527766263
5,1.22,0.1953,10.0454564385052,6.14732010550139,3.89813633300384,9.16415709975353,11.1878439239947,4.95089711431031,15.4011039094379,16.7067601128848,3.64524091086345
5,0,0.1953,8.30355372098471,8.30355372098471,0,8.30355372098471,0,8.30355372098471,0,8.30355372098471,0
5,5000,0.7813,91.4030274974524,89.1378891365931,2.26513836085931,90.5164882574887,1.06309829142029,88.5747821290691,3.00480441983987,90.3885837759444,1.19100277296455
5,1250,0.7813,80.4803553539589,84.1232588577567,-3.6429035037978,82.754183272515,-4.55613553465855,83.5971699258096,-5.39912218795317,82.5215882900627,-4.32354055220618
5,312.5,0.7813,62.6238493086244,72.1205437945011,-9.49669448587672,66.4870919561788,-9.63538292699995,71.650900637987,-14.7991916088081,66.0351020979103,-9.18339306873143
5,78.13,0.7813,45.9875589403772,51.0595626055783,-5.07200366520107,54.7592615984468,-13.060921866021,51.7404518249491,-10.0421120925233,54.1490980485889,-12.450758316163
5,19.53,0.7813,21.4483698472224,28.504419798716,-7.05604995149355,23.0013094642718,-7.5935592244308,28.8434356899557,-13.4356854501146,21.9628252128724,-6.5550749730314
5,4.88,0.7813,8.04641038410145,14.1604254734281,-6.11401508932661,5.99173680154687,3.34116605874954,13.9105990801773,-4.57769621988091,4.72384380033144,4.60905905996497
5,1.22,0.7813,6.38643896621372,7.80788866679858,-1.42144970058485,9.16415709975353,-3.52678639534675,6.94194199561409,-1.30457129120731,7.93905065108316,-2.30167994667638
5,0,0.7813,-1.34870378206956,-1.34870378206956,0,-1.34870378206956,0,-1.34870378206956,0,-1.34870378206956,0
5,5000,3.125,90.6537576995441,91.3395798716049,-0.685822172060796,90.5164882574887,0.708732194280188,88.5747821290691,2.65043832269977,92.8642515912315,-1.63903113946259
5,1250,3.125,82.4444343663432,87.3413878489475,-4.89695348260425,82.754183272515,-3.61115927561823,84.5926923664615,-5.44966836956473,87.0236034274707,-7.88057943057396
5,312.5,3.125,64.5495375939397,77.7715577821785,-13.2220201882388,66.4870919561788,-3.23991860242381,74.6374679599426,-11.3902946061876,74.7836364060243,-11.5364630522693
5,78.13,3.125,47.0339257803501,60.9795228171543,-13.9455970368042,54.7592615984468,-13.3140405068353,58.7091089095124,-17.2638878179009,65.9591788542554,-24.5139577626439
5,19.53,3.125,27.1454991166193,42.9961846594265,-15.8506855428072,24.756265373918,1.31621693223472,41.7852274184302,-15.7127451122775,42.0633096277386,-15.9908273215858
5,4.88,3.125,22.7059976840607,31.5596398903239,-8.85364220626316,24.756265373918,-5.33236603315577,30.8344805712595,-11.4105812304972,29.2646719123673,-9.840772571605
5,1.22,3.125,19.7622479503857,26.494727709042,-6.73247975865624,24.756265373918,-10.0066236001944,25.856868368,-11.1072265942763,31.6517194227738,-16.9020776490502
5,0,3.125,24.756265373918,24.756265373918,0,24.756265373918,0,24.756265373918,0,24.756265373918,0
5,5000,12.5,92.8513605242377,97.6942550914721,-4.84289456723445,90.5164882574887,2.53118640814358,90.5658270103729,2.48184765525939,98.0124244172033,-4.96474975157103
5,1250,12.5,86.7955883154707,96.6297789156186,-9.83419060014789,82.754183272515,4.03302367697538,88.5747821290691,-1.7875751795787,96.3855831928501,-9.59837624335972
5,312.5,12.5,80.2494276491226,94.0819132665166,-13.832485617394,79.041776540571,1.55246099699475,84.5926923664615,-3.99845482889572,92.976289844423,-12.3820523068572
5,78.13,12.5,76.5088475724193,89.6112122438861,-13.1023646714668,79.041776540571,-5.11299654445007,81.6061250445059,-7.67734504838488,90.5183449511068,-16.5895649549858
5,19.53,12.5,77.4096595454977,84.8233393946736,-7.41367984917591,79.041776540571,-3.29054233058672,80.610602603854,-4.85936839386963,83.8624423766879,-8.11120816670359
5,4.88,12.5,76.7344595774535,81.778480775627,-5.04402119817348,79.041776540571,-4.47176265438705,79.6150801632021,-5.04506627701808,80.2975381285401,-5.72752424235608
5,1.22,12.5,77.2403474883552,80.4300016832742,-3.18965419491906,79.041776540571,-3.62803385167248,79.6150801632021,-4.20133747430351,80.9624210637105,-5.54867837481196
5,0,12.5,79.041776540571,79.041776540571,0,79.041776540571,0,79.041776540571,0,79.041776540571,0
5,5000,50,92.6096689616093,99.6519465665633,-7.04227760495405,97.3000678313135,-4.16802028540978,96.5389616542842,-3.40691410838049,99.7439516157428,-6.61190406983906
5,1250,50,91.5767624146007,99.4912633155901,-7.9145009009894,97.3000678313135,-6.44608805273903,96.5389616542842,-5.68498187570974,99.5343746464219,-8.68039486784745
5,312.5,50,93.0888540464588,99.1066616262074,-6.01780757974856,97.3000678313135,-3.86427791643256,96.5389616542842,-3.10317173940327,99.0951742150625,-5.6593843001816
5,78.13,50,94.8554907065402,98.4318069035361,-3.57631619699589,97.3000678313135,-2.63243386446935,96.5389616542842,-1.87132768744006,98.7785307505452,-4.11089678370101
5,19.53,50,97.3076133616167,97.7090749231409,-0.401461561524187,97.3000678313135,0.371240673194393,96.5389616542842,1.13234685022368,97.9210875847585,-0.249779080250619
5,4.88,50,97.0915276833428,97.2494518777776,-0.157924194434798,97.3000678313135,-0.455613553465852,96.5389616542842,0.305492623563438,97.4618406606815,-0.617386382833843
5,1.22,50,96.6333783540131,97.045898233888,-0.412519879874836,97.3000678313135,-1.31621693223467,96.5389616542842,-0.555110755205376,97.5474938568387,-1.56364295775988
5,0,50,97.3000678313135,97.3000678313135,0,97.3000678313135,0,97.3000678313135,0,97.3000678313135,0
6,5000,0,87.7396082988986,87.7396082988986,0,87.7396082988986,0,87.7396082988986,0,87.7396082988986,0
6,1250,0,59.304987642656,59.304987642656,0,59.304987642656,0,59.304987642656,0,59.304987642656,0
6,312.5,0,40.2546813114405,40.2546813114405,0,40.2546813114405,0,40.2546813114405,0,40.2546813114405,0
6,78.13,0,31.5671486187616,31.5671486187616,0,31.5671486187616,0,31.5671486187616,0,31.5671486187616,0
6,19.53,0,18.4765490152881,18.4765490152881,0,18.4765490152881,0,18.4765490152881,0,18.4765490152881,0
6,4.88,0,15.496695651417,15.496695651417,0,15.496695651417,0,15.496695651417,0,15.496695651417,0
6,1.22,0,3.65140790150163,3.65140790150163,0,3.65140790150163,0,3.65140790150163,0,3.65140790150163,0
6,0,0,0.137849457534218,0.137849457534218,0,0.137849457534218,0,0.137849457534218,0,0.137849457534218,0
6,5000,0.0122,85.7737949461817,85.8740361573878,-0.100241211206139,87.7396082988986,-0.904333607941012,86.9887776907847,-0.153502999827154,88.114580395396,-1.27930570443843
6,1250,0.0122,59.2224339601914,61.9948405636436,-2.77240660345218,59.304987642656,-4.75887029752542,62.4539401024376,-7.90782275730697,60.5496048190592,-6.00348747392859
6,312.5,0.0122,39.842964532515,42.6822900167819,-2.83932548426695,40.2546813114405,-2.37202257820592,42.3799820756081,-4.49732334237355,42.0819334866335,-4.19927475339891
6,78.13,0.0122,28.5161670513563,28.3437881098998,0.172378941456458,31.5671486187616,-4.31411606411191,28.9973433910551,-1.74431083640544,33.6601004899007,-6.40706793525107
6,19.53,0.0122,17.4315681820426,18.3583341495727,-0.926765967530098,18.4765490152881,-4.06208866517755,17.845144487261,-3.43068413715038,20.9698640801482,-6.55540373003764
6,4.88,0.0122,13.1543666005806,11.7108506711065,1.44351592947408,15.496695651417,2.09034489704392,11.1538251449845,6.43321540347642,18.0811466188115,-0.494106070350611
6,1.22,0.0122,5.5808515610142,7.42018180290814,-1.83933024189394,3.65140790150163,4.74404515641165,6.69294558346681,1.70250747444647,6.59813541678183,1.79731764113146
6,0,0.0122,3.05840225695018,3.05840225695018,0,3.05840225695018,0,3.05840225695018,0,3.05840225695018,0
6,5000,0.0488,85.054784087349,85.8740361573878,-0.819252070038772,87.7396082988986,-0.163076552251724,86.9887776907847,0.587754055862135,87.2857455063151,0.290786240331727
6,1250,0.0488,58.9666717312836,61.9948405636436,-3.02816883235998,59.304987642656,-5.94488158662833,62.4539401024376,-9.09383404640987,57.7985144072974,-4.43840835126972
6,312.5,0.0488,39.7605576578969,42.6822900167819,-2.92173235888505,40.2546813114405,-6.76026434788669,42.3799820756081,-8.88556511205432,38.0429920077992,-4.54857504424545
6,78.13,0.0488,28.1848169397397,28.3437881098998,-0.158971170160186,31.5671486187616,-8.93956009161327,28.9973433910551,-6.36975486390681,29.0338588357323,-6.406270308584
6,19.53,0.0488,16.5823844181176,18.3583341495727,-1.77594973145514,18.4765490152881,2.25342144929553,17.845144487261,2.88482597732269,15.4586632880615,5.27130717652214
6,4.88,0.0488,11.7174192052736,11.7108506711065,0.00656853416711378,15.496695651417,-5.05537311980119,11.1538251449845,-0.712502613368697,12.3684998621477,-1.92717733053194
6,1.22,0.0488,3.61381176214512,7.42018180290814,-3.80637004076302,3.65140790150163,6.52306209006602,6.69294558346681,3.48152440810084,0.084715895455878,10.0897540961118
6,0,0.0488,-3.70186209093692,-3.70186209093692,0,-3.70186209093692,0,-3.70186209093692,0,-3.70186209093692,0
6,5000,0.1953,84.6844460173803,85.8740361573878,-1.18959014000747,87.7396082988986,-1.1415358657616,86.9887776907847,-0.390705257647738,87.8910130897887,-1.29294065665168
6,1250,0.1953,58.2204229040368,61.9948405636436,-3.7744176596068,59.304987642656,-10.273822791854,62.4539401024376,-13.4227752516356,59.8075343790445,-10.7763695282425
6,312.5,0.1953,38.918109302872,42.682290016782,-3.76418071391003,40.2546813114405,-4.44754233413597,42.3799820756081,-6.57284309830359,40.9924821666848,-5.18534318938029
6,78.13,0.1953,27.6353035601584,28.3437881099,-0.708484549741534,31.5671486187616,-5.60390334101134,28.9973433910551,-3.03409811330487,32.4122326752896,-6.44898739753932
6,19.53,0.1953,16.5667248027292,18.3583341495729,-1.79160934684362,18.4765490152881,-2.77230138827812,17.845144487261,-2.14089686025095,19.4832901822828,-3.77904255527277
6,4.88,0.1953,12.2861312428677,11.7108506711067,0.575280571761006,15.496695651417,0.637481067892885,11.1538251449845,4.98035157432538,16.5402353226062,-0.406058603296344
6,1.22,0.1953,4.71077579221477,7.42018180290831,-2.70940601069354,3.65140790150163,1.5862900991751,6.69294558346681,-1.45524758279008,4.84122620379266,0.396471796884073
6,0,0.1953,1.23490989995438,1.23490989995438,0,1.23490989995438,0,1.23490989995438,0,1.23490989995438,0
6,5000,0.7813,84.449739930169,85.8740361602972,-1.42429623012819,87.7396082988986,-1.80866721588193,86.9887776907847,-1.05783660776807,87.7128862934511,-1.78194521043449
6,1250,0.7813,58.7741533325931,61.9948405714711,-3.22068723887806,59.304987642656,-5.3963513654182,62.4539401024376,-8.54530382519975,59.2162912642362,-5.30765498699834
6,312.5,0.7813,39.8375621408368,42.6822900285871,-2.8447278877503,40.2546813114405,-7.75354880251034,44.6104218563669,-12.1092893474368,40.1244640418478,-7.62333153291762
6,78.13,0.7813,28.5188928375372,28.3437881246582,0.175104712878969,31.5671486187616,-5.47047707098728,28.9973433910551,-2.90067184328081,31.4179965303149,-5.32132498254062
6,19.53,0.7813,17.2341527631097,18.3583341663877,-1.12418140327792,18.4765490152881,-1.3639129824684,20.0755842680198,-2.96294823520007,18.2988654506503,-1.18622941783057
6,4.88,0.7813,12.5930059425958,11.7108506892906,0.882155253305228,15.496695651417,2.52027398934377,13.3842649257433,4.63270471501743,15.3125173792883,2.70445226147245
6,1.22,0.7813,4.87577212684371,7.42018182197594,-2.54440969513223,3.65140790150163,5.7966301754905,8.92338536422564,0.524652712766486,3.44141235929738,6.00662571769475
6,0,0.7813,-0.217953929196559,-0.217953929196559,0,-0.217953929196559,0,-0.217953929196559,0,-0.217953929196559,0
6,5000,3.125,85.5408292407002,85.8743585207847,-0.33352928008452,87.7396082988986,0.444754233413605,89.2192174715436,-1.03485493923137,87.6783515064061,0.506011025906133
6,1250,3.125,59.770267972149,61.9957078653323,-2.22543989318337,59.304987642656,-3.39495731505702,66.9148196639553,-11.0047893363562,59.1016624970793,-3.19163216948024
6,312.5,3.125,40.9221900384406,42.6835980430447,-1.76140800460413,40.2546813114405,-7.48669626246222,46.8408616371258,-14.0728765881475,39.9561748135627,-7.18818976458447
6,78.13,3.125,29.5777869387876,28.3454233498121,1.23236358897547,31.5671486187616,-2.37202257820583,31.227783171814,-2.0326571312582,31.2252364613909,-2.03011042083518
6,19.53,3.125,19.5335752339779,18.3601972638371,1.17337797014083,18.4765490152881,2.96502822275728,20.0755842680198,1.36599297002561,18.069232084313,3.37234515373241
6,4.88,3.125,13.9173130822904,11.7128654851331,2.20444759715734,15.496695651417,1.18601128910292,13.3842649257433,3.29844201477658,15.0744904310936,1.60821650942629
6,1.22,3.125,8.85993017766002,7.42229453270219,1.43763564495783,3.65140790150163,6.71578892454528,8.92338536422564,1.44381146182127,3.1700198792417,7.19717694680521
6,0,3.125,-0.499631610358966,-0.499631610358966,0,-0.499631610358966,0,-0.499631610358966,0,-0.499631610358966,0
6,5000,12.5,93.7117422485436,95.7529570642649,-2.04121481572129,87.7396082988986,5.97453186885593,95.9105368138201,-2.19639664606554,96.3138658880353,-2.59972572028082
6,1250,12.5,76.5041873051827,88.5735553549446,-12.0693680497618,69.934613821241,6.49341180783846,91.4496572523024,-15.0216316232229,87.7648873792709,-11.3368617501914
6,312.5,12.5,71.5277512796135,82.7671387249054,-11.2393874452919,69.934613821241,2.35719743709204,80.2974583485082,-8.00564709017516,82.0373392125543,-9.74552795422126
6,78.13,12.5,67.3689665949827,78.4561951382491,-11.0872285432665,69.934613821241,-5.21844967205293,73.6061390062317,-8.88997485704363,79.4253989590945,-14.7092348099064
6,19.53,12.5,66.1107396005971,75.4540175753712,-9.3432779747741,69.934613821241,-7.66459795582762,71.3756992254729,-9.10568336005949,75.4896596351951,-13.2196437697817
6,4.88,12.5,69.6455267997392,73.4554178293864,-3.80989102964718,69.934613821241,-0.578180503437693,71.3756992254729,-2.01926590766956,74.5937552137865,-5.23732189598316
6,1.22,12.5,68.4058550530188,72.1654063930489,-3.75955134003003,69.934613821241,-2.96502822275738,69.1452594447141,-2.17567384623042,71.0324237077892,-4.06283810930556
6,0,12.5,69.934613821241,69.934613821241,0,69.934613821241,0,69.934613821241,0,69.934613821241,0
6,5000,50,97.144291797428,99.5267964409765,-2.38250464354853,96.6495181082843,0.993284454623705,98.1409765945789,-0.498174031670928,99.5892177962012,-1.94641523329322
6,1250,50,96.3266757744628,98.7268708240433,-2.40019504958053,96.6495181082843,-0.326153104503305,98.1409765945789,-1.81761159079794,98.6365209801357,-2.31315597635476
6,312.5,50,95.9678101532255,98.079922569438,-2.1121124162125,96.6495181082843,-0.978459313509916,98.1409765945789,-2.46991779980455,97.998243916192,-2.32718512141761
6,78.13,50,96.2273825302825,97.5995992294523,-1.37221669916971,96.6495181082843,-0.45957937452738,98.1409765945789,-1.95103786082201,97.7071697064869,-1.51723097272999
6,19.53,50,96.3593369347151,97.2650979943409,-0.905761059625789,96.6495181082843,-0.192726834479231,98.1409765945789,-1.68418532077386,97.2685715372555,-0.811780263450459
6,4.88,50,96.36089124277,97.0424149352868,-0.681523692516834,96.6495181082843,-0.192726834479231,98.1409765945789,-1.68418532077386,97.1687320898993,-0.71194081609427
6,1.22,50,96.2333934633172,96.8986824578684,-0.665288994551176,96.6495181082843,-0.489229656754958,98.1409765945789,-1.98068814304959,96.7718578688168,-0.611569417287456
6,0,50,96.6495181082843,96.6495181082843,0,96.6495181082843,0,96.6495181082843,0,96.6495181082843,0
